{"gen_losses": [[1, 6.813472747802734], [2, 5.643307209014893], [3, 5.907710075378418], [4, 6.065207004547119], [5, 6.125503063201904], [6, 6.378975868225098], [7, 6.434346675872803], [8, 6.765637397766113], [9, 6.8952436447143555], [10, 7.164830207824707], [11, 7.252262115478516], [12, 7.593024730682373], [13, 7.649937629699707], [14, 7.935780048370361], [15, 8.015056610107422], [16, 8.235748291015625], [17, 8.269895553588867], [18, 8.616214752197266], [19, 8.748074531555176], [20, 8.758691787719727], [21, 9.12465763092041], [22, 9.37759017944336], [23, 9.28936767578125], [24, 9.604581832885742], [25, 9.893895149230957], [26, 9.922576904296875], [27, 10.009848594665527], [28, 10.012950897216797], [29, 10.181530952453613], [30, 10.265711784362793], [31, 10.194826126098633], [32, 10.576498985290527], [33, 10.98026180267334], [34, 11.224342346191406], [35, 11.210921287536621], [36, 11.348782539367676], [37, 11.4672269821167], [38, 11.426300048828125], [39, 11.586386680603027], [40, 11.728357315063477], [41, 11.724493026733398], [42, 11.651376724243164], [43, 11.857144355773926], [44, 12.076748847961426], [45, 12.177064895629883], [46, 12.08897590637207], [47, 12.274070739746094], [48, 12.496020317077637], [49, 12.627507209777832], [50, 12.602734565734863]], "dis_losses": [[1, 0.7547110319137573], [2, 0.6053025126457214], [3, 0.6012768745422363], [4, 0.5332192182540894], [5, 0.5113309025764465], [6, 0.5173616409301758], [7, 0.5301687121391296], [8, 0.5573137998580933], [9, 0.5385311245918274], [10, 0.5319460034370422], [11, 0.5164171457290649], [12, 0.528132438659668], [13, 0.5069844722747803], [14, 0.5129181146621704], [15, 0.49076858162879944], [16, 0.4844534695148468], [17, 0.4679698944091797], [18, 0.4769133925437927], [19, 0.46688005328178406], [20, 0.45668894052505493], [21, 0.4623940885066986], [22, 0.45797500014305115], [23, 0.4414733946323395], [24, 0.4904327392578125], [25, 0.4784700274467468], [26, 0.4712013304233551], [27, 0.468227356672287], [28, 0.4555312693119049], [29, 0.45112496614456177], [30, 0.43910878896713257], [31, 0.4295726716518402], [32, 0.45123088359832764], [33, 0.44870075583457947], [34, 0.4415442943572998], [35, 0.4308103024959564], [36, 0.43180009722709656], [37, 0.42144137620925903], [38, 0.41249555349349976], [39, 0.41374632716178894], [40, 0.40907230973243713], [41, 0.4029158055782318], [42, 0.39637601375579834], [43, 0.39700499176979065], [44, 0.3908326029777527], [45, 0.3854297399520874], [46, 0.37849393486976624], [47, 0.3834928870201111], [48, 0.37779709696769714], [49, 0.3735092580318451], [50, 0.3672408163547516]], "steps_per_epoch": 2369}